{
    "accuracy": 0.9866666666666667,
    "precision": 0.9928909952606635,
    "recall": 0.9501133786848073,
    "f1_score": 0.9710312862108922,
    "roc_auc_score": 0.9740106642378011
}