{
    "accuracy": 0.9864,
    "precision": 0.988399071925754,
    "recall": 0.9540873460246361,
    "f1_score": 0.9709401709401709,
    "roc_auc_score": 0.9752935855079428
}