{
    "accuracy": 0.9874666666666667,
    "precision": 0.9908361970217641,
    "recall": 0.956858407079646,
    "f1_score": 0.9735509285312324,
    "roc_auc_score": 0.9770237221624513
}