{
    "accuracy": 0.9888,
    "precision": 0.9931895573212258,
    "recall": 0.960482985729967,
    "f1_score": 0.9765625,
    "roc_auc_score": 0.9791847827557901
}