{
    "accuracy": 0.9890666666666666,
    "precision": 0.9976415094339622,
    "recall": 0.9559322033898305,
    "f1_score": 0.9763416041546451,
    "roc_auc_score": 0.9776170615552991
}